{
  "meta": {
    "engine": "stockfish 18 lite wasm single-threaded",
    "depth": 12,
    "multiPv": 3,
    "generatedAt": "2026-07-13T02:15:16.763Z",
    "pilot": false
  },
  "bands": [
    {
      "timeClass": "blitz",
      "minRating": 400,
      "maxRating": 800,
      "nPlayers": 3,
      "t1Rate": {
        "mean": 0.225133547008547,
        "std": 0.06422332153183408
      },
      "t2Rate": {
        "mean": 0.41049679487179486,
        "std": 0.018345334627555183
      },
      "t3Rate": {
        "mean": 0.525934829059829,
        "std": 0.038324426931541866
      },
      "acpl": {
        "mean": 87.91725427350427,
        "std": 3.562600997673785
      },
      "accuracy": {
        "mean": 73.93356356711121,
        "std": 2.050062439556937
      },
      "instantRate": {
        "mean": 0.04292200854700854,
        "std": 0.024893649577052847
      },
      "thinkCv": {
        "mean": 0.8454451882107389,
        "std": 0.15357132450149788
      }
    },
    {
      "timeClass": "rapid",
      "minRating": 400,
      "maxRating": 800,
      "nPlayers": 2,
      "t1Rate": {
        "mean": 0.17328042328042326,
        "std": 0.03042328042328042
      },
      "t2Rate": {
        "mean": 0.29133597883597884,
        "std": 0.023478835978835988
      },
      "t3Rate": {
        "mean": 0.3826058201058201,
        "std": 0.043320105820105814
      },
      "acpl": {
        "mean": 132.2612433862434,
        "std": 15.631613756613753
      },
      "accuracy": {
        "mean": 65.37310989692311,
        "std": 3.4426596028886713
      },
      "instantRate": {
        "mean": 0.05423280423280423,
        "std": 0.017195767195767195
      },
      "thinkCv": {
        "mean": 0.6870437487745624,
        "std": 0.007377024948182431
      }
    },
    {
      "timeClass": "blitz",
      "minRating": 800,
      "maxRating": 1200,
      "nPlayers": 53,
      "t1Rate": {
        "mean": 0.26742939574714913,
        "std": 0.061516134703501826
      },
      "t2Rate": {
        "mean": 0.42916138592787473,
        "std": 0.07235117603074956
      },
      "t3Rate": {
        "mean": 0.5276174274375192,
        "std": 0.06946996911132185
      },
      "acpl": {
        "mean": 80.19831034983035,
        "std": 21.643032598842588
      },
      "accuracy": {
        "mean": 75.62723480515692,
        "std": 4.489769244528047
      },
      "instantRate": {
        "mean": 0.0447915840923109,
        "std": 0.04978246986662461
      },
      "thinkCv": {
        "mean": 0.9076595543129836,
        "std": 0.1852280753136086
      }
    },
    {
      "timeClass": "rapid",
      "minRating": 800,
      "maxRating": 1200,
      "nPlayers": 55,
      "t1Rate": {
        "mean": 0.2754422234902359,
        "std": 0.056575779561889715
      },
      "t2Rate": {
        "mean": 0.4336774489685932,
        "std": 0.07677806944948978
      },
      "t3Rate": {
        "mean": 0.5329728921233613,
        "std": 0.0759485848886233
      },
      "acpl": {
        "mean": 80.27376406023073,
        "std": 20.59765224137253
      },
      "accuracy": {
        "mean": 76.5010142985615,
        "std": 4.696644902193781
      },
      "instantRate": {
        "mean": 0.04141252089808226,
        "std": 0.05303101443746193
      },
      "thinkCv": {
        "mean": 1.0451952165808822,
        "std": 0.3333550458474703
      }
    },
    {
      "timeClass": "blitz",
      "minRating": 1200,
      "maxRating": 1600,
      "nPlayers": 62,
      "t1Rate": {
        "mean": 0.3026556859453139,
        "std": 0.05607350493564747
      },
      "t2Rate": {
        "mean": 0.4546618431196505,
        "std": 0.05976542695915
      },
      "t3Rate": {
        "mean": 0.5530169998375569,
        "std": 0.057893045006689764
      },
      "acpl": {
        "mean": 61.90061105710415,
        "std": 15.754886236123033
      },
      "accuracy": {
        "mean": 78.65540482040421,
        "std": 4.0647290218576835
      },
      "instantRate": {
        "mean": 0.06644542537022065,
        "std": 0.07547319440612742
      },
      "thinkCv": {
        "mean": 0.9529809257714977,
        "std": 0.18650174399662353
      }
    },
    {
      "timeClass": "rapid",
      "minRating": 1200,
      "maxRating": 1600,
      "nPlayers": 62,
      "t1Rate": {
        "mean": 0.29698587160134543,
        "std": 0.06007627855327633
      },
      "t2Rate": {
        "mean": 0.4613226988084983,
        "std": 0.06476188093368072
      },
      "t3Rate": {
        "mean": 0.5665355107811872,
        "std": 0.06508301169183538
      },
      "acpl": {
        "mean": 65.16181579506258,
        "std": 15.527929446172381
      },
      "accuracy": {
        "mean": 77.47473921419429,
        "std": 5.2321832613700465
      },
      "instantRate": {
        "mean": 0.028343987020643113,
        "std": 0.0433916142416716
      },
      "thinkCv": {
        "mean": 1.057258691316081,
        "std": 0.39014596487877984
      }
    },
    {
      "timeClass": "blitz",
      "minRating": 1600,
      "maxRating": 2000,
      "nPlayers": 60,
      "t1Rate": {
        "mean": 0.332202024111565,
        "std": 0.044964674617201515
      },
      "t2Rate": {
        "mean": 0.49803474105180784,
        "std": 0.04686734574341582
      },
      "t3Rate": {
        "mean": 0.5993789336303136,
        "std": 0.05101532822248514
      },
      "acpl": {
        "mean": 52.67390904762683,
        "std": 12.416575476024162
      },
      "accuracy": {
        "mean": 81.08519291592914,
        "std": 3.452663491817387
      },
      "instantRate": {
        "mean": 0.1003030681570791,
        "std": 0.07356353639929754
      },
      "thinkCv": {
        "mean": 1.0302448271527898,
        "std": 0.19590003762637906
      }
    },
    {
      "timeClass": "rapid",
      "minRating": 1600,
      "maxRating": 2000,
      "nPlayers": 63,
      "t1Rate": {
        "mean": 0.33338299480327543,
        "std": 0.039629519040481585
      },
      "t2Rate": {
        "mean": 0.503957873773534,
        "std": 0.04625265133205034
      },
      "t3Rate": {
        "mean": 0.6095946969439779,
        "std": 0.0467867198808734
      },
      "acpl": {
        "mean": 50.238532296443516,
        "std": 11.944912367367714
      },
      "accuracy": {
        "mean": 82.16739676481325,
        "std": 4.410054537682121
      },
      "instantRate": {
        "mean": 0.06755721816311595,
        "std": 0.053405676275082956
      },
      "thinkCv": {
        "mean": 1.1788034219555406,
        "std": 0.2704905742129761
      }
    },
    {
      "timeClass": "blitz",
      "minRating": 2000,
      "maxRating": 2400,
      "nPlayers": 58,
      "t1Rate": {
        "mean": 0.3648580345480042,
        "std": 0.05671901699338375
      },
      "t2Rate": {
        "mean": 0.5507253569046956,
        "std": 0.06301098473881196
      },
      "t3Rate": {
        "mean": 0.6575734069025272,
        "std": 0.05466043554878929
      },
      "acpl": {
        "mean": 38.432530480487536,
        "std": 8.172085817015205
      },
      "accuracy": {
        "mean": 85.5117176377769,
        "std": 3.5809291215244117
      },
      "instantRate": {
        "mean": 0.11198886022552926,
        "std": 0.06507181827047112
      },
      "thinkCv": {
        "mean": 1.0709886910627242,
        "std": 0.22156602571576856
      }
    },
    {
      "timeClass": "rapid",
      "minRating": 2000,
      "maxRating": 2400,
      "nPlayers": 62,
      "t1Rate": {
        "mean": 0.37632780002609334,
        "std": 0.047745992811745096
      },
      "t2Rate": {
        "mean": 0.5555689909648934,
        "std": 0.049980578392610504
      },
      "t3Rate": {
        "mean": 0.6639880897845846,
        "std": 0.04804293610073222
      },
      "acpl": {
        "mean": 36.495135767609945,
        "std": 9.996808137641832
      },
      "accuracy": {
        "mean": 86.32550975055192,
        "std": 2.877779324043551
      },